Organization,Language,English Sentences,French Sentences,English (%),French (%)
Balarama Holness,bilingual,66,123,34.92063492063492,65.07936507936508
Dexter Xurukulasuriya,bilingual,143,87,62.17391304347826,37.826086956521735
Thierry Lindor,bilingual,117,136,46.24505928853755,53.75494071146245
Conseil national des musulmans canadiens,bilingual,80,71,52.980132450331126,47.019867549668874
James Oscar,bilingual,36,69,34.285714285714285,65.71428571428571
,,,Overall Average,47.62931034482759,52.370689655172406
