Organization,Language,English Sentences,French Sentences,English (%),French (%)
Balarama Holness,bilingual,63,126,33.33333333333333,66.66666666666666
Dexter Xurukulasuriya,bilingual,147,87,62.82051282051282,37.17948717948718
Thierry Lindor,bilingual,116,135,46.21513944223107,53.78486055776892
Conseil national des musulmans canadiens,bilingual,80,70,53.333333333333336,46.666666666666664
James Oscar,bilingual,36,69,34.285714285714285,65.71428571428571
,,,Overall Average,47.57804090419806,52.42195909580194
