Organization,Language,English Sentences,French Sentences,English (%),French (%)
Balarama Holness,bilingual,65,125,34.21052631578947,65.78947368421053
Dexter Xurukulasuriya,bilingual,146,88,62.39316239316239,37.60683760683761
Thierry Lindor,bilingual,117,135,46.42857142857143,53.57142857142857
Conseil national des musulmans canadiens,bilingual,80,70,53.333333333333336,46.666666666666664
James Oscar,bilingual,36,69,34.285714285714285,65.71428571428571
,,,Overall Average,47.6906552094522,52.3093447905478
